,Team,Player,Mouse,DPI,X-Axis Sens,Y-Axis Sens,Targeting Sens,Scope Sens,Monitor,Resolution,Mousepad,Keyboard,Headset,Chair
,Dignitas,OliverOG,Logitech G Pro X Superlight 2 Black,800,6.6%,6.6%,60.0%,60.0%,ASUS TUF VG259QM,1920x1080,The Mousepad Company Ichiba,SteelSeries Apex Pro Mini Black,beyerdynamic DT 990 Pro,
,Dignitas,Bucke,Logitech G Pro X Superlight 2 Black,400,12.0%,12.0%,50.0%,50.0%,ZOWIE XL2566K,1920x1080,Glorious 3XL,SteelSeries Apex Pro TKL Gen 3 Black,beyerdynamic DT 990 Pro,
,Dignitas,acorn,Logitech G Pro X Superlight 2 Black,800,6.4%,6.4%,40.0%,40.0%,,1920x1080,,SteelSeries Apex Pro,Logitech G Pro X Headset,
,Dignitas,Khanada,Razer Viper V3 Pro Black,800,7.0%,7.0%,40.0%,40.0%,Alienware AW2523HF,1920x1080,Inked Gaming Custom Mousepad,SteelSeries Apex Pro TKL,beyerdynamic DT 700 PRO X,
,Dignitas,Cooper,Razer Viper Mini Signature Edition,1600,2.9%,2.9%,50.0%,50.0%,ZOWIE XL2566X+,1920x1080,Custom Mousepad,SteelSeries Apex Pro TKL Gen 3 Black,Audio-Technica ATH-M50xSTS,Logitech G x Herman Miller Embody
,Falcons Esports,Japko,Razer Viper Mini Signature Edition,800,12.0%,12.0%,65.0%,65.0%,Alienware AW2523HF,1920x1080,4D Gaming Enigma,Wooting 60HE+,beyerdynamic MMX 300,
,Falcons Esports,Chico,Logitech G Pro X Superlight Black,800,6.2%,6.2%,35.5%,60.0%,Alienware AW2518H,1920x1080,SteelSeries QcK Heavy,Wooting 60HE+,Razer BlackShark V2 Pro White,
,Falcons Esports,TaySon,Logitech G Pro X Superlight Black,800,5.8%,5.8%,29.0%,30.0%,Alienware AW2523HF,1920x1080,Artisan Ninja FX Zero Soft Black,SteelSeries Apex Pro TKL,HyperX Cloud II Wireless,
,Falcons Esports,FHD,,,,,,,ZOWIE XL2546,1920x1080,,,HyperX Cloud III,
,Falcons Esports,Peterbot,Logitech G Pro X Superlight 2 White,800,6.4%,6.4%,45.0%,45.0%,ZOWIE XL2566K,1920x1080,GameSense Radar Benjyfishy,SteelSeries Apex Pro TKL (2023),HyperX Cloud III,
,XSET,Muz,Razer Viper V3 Pro Black,1600,3.5%,3.5%,49.6%,50.0%,Alienware AW2521HF,1920x1080,Artisan Ninja FX Zero Soft Black,SteelSeries Apex Pro Mini Black,HyperX Cloud Flight S,
,XSET,Edgey,Logitech G Pro X Superlight Black,800,7.0%,7.0%,26.0%,26.0%,ZOWIE XL2546K,1920x1080,Inked Gaming Custom Mousepad,Wooting 60HE+,beyerdynamic DT 990 Pro,DXRacer Formula
,XSET,Batman Bugha,Logitech G Pro X Superlight Black,800,5.7%,5.7%,50.0%,35.0%,,1920x1080,Artisan Ninja FX Zero Mid,SteelSeries Apex Pro Mini Black,Logitech G Pro X Headset,
,XSET,Clix,Finalmouse Ultralight X Medium,800,8.7%,6.3%,60.0%,35.0%,Alienware AW2523HF,1920x1080,Matrix x Clix XXL Mousepad,SteelSeries Apex Pro Mini Black,JBL Quantum 910P,
,XSET,ilyynina,Razer Viper V3 Pro Black,800,6.5%,6.5%,38.3%,38.1%,ZOWIE XL2546K,1920x1080,The Mousepad Company Strata Liquid 03,Wooting 60HE+,beyerdynamic DT 990 Pro,
,XSET,Veno,FinalMouse Starlight Pro,800,5.8%,5.8%,45.0%,45.0%,ZOWIE XL2566K,1920x1080,Inked Gaming Custom Mousepad,Wooting 60HE+,HyperX Cloud III,noblechairs HERO
,Swamp Gaming,Sway,,,,,,,Alienware AW2521H,1920x1080,,,HyperX Cloud Alpha,
,Swamp Gaming,Reet,Logitech G Pro X Superlight 2 Black,800,6.4%,6.4%,58.9%,58.9%,Alienware AW2518H,1920x1080,The Mousepad Company Ichiba,SteelSeries Apex Pro Mini Black,HyperX Cloud Alpha S,
,Swamp Gaming,Mero,,,,,,,ASUS TUF VG279QM,1920x1080,,,HyperX Cloud Alpha,
,FaZe Clan,EpikWhale,Endgame Gear XM2we,800,7.0%,7.0%,30.0%,40.0%,ZOWIE XL2566K,1920x1080,The Mousepad Company Ichiba,SteelSeries Apex Pro Mini Black,beyerdynamic DT 990 Pro,
,FaZe Clan,Replays,Glorious Model O White,1200,10.0%,7.0%,74.2%,75.8%,Alienware AW2518H,1920x1080,Custom Mousepad,Ducky One 3 Mini,SteelSeries Arctis Pro Wireless,Secretlab Titan EVO 2022
,FaZe Clan,Stable Ronaldo,FinalMouse Starlight-12,800,5.2%,5.2%,30.6%,31.4%,AlienWare AW2518HF,1920x1080,Corsair MM300,SteelSeries Apex Pro TKL,Logitech G430,Razer Iskur V2
,Manchester City Esports,Kjaer,Razer Viper V2 Pro Black,800,6.5%,6.5%,37.0%,37.0%,ZOWIE XL2411T,1920x1080,Logitech G640 Black,Wooting 80HE Black,HyperX Cloud II,
,Twisted Minds,Queasy,Razer Viper V3 Pro Black,800,6.0%,6.0%,29.0%,32.0%,Alienware AW2518H,1920x1080,4D Gaming Enigma,SteelSeries Apex Pro TKL (2023),beyerdynamic DT 990 Pro,
,Twisted Minds,cold,Logitech G Pro X Superlight Black,800,6.4%,6.4%,34.9%,34.9%,ZOWIE XL2566X+,1920x1080,Inked Gaming Custom Mousepad,SteelSeries Apex Pro Mini Black,Logitech G Pro X Headset,
,HEROIC,Th0masHD,Logitech G Pro X Superlight Black,1600,5.0%,3.0%,37.0%,37.0%,ZOWIE XL2411T,1920x1080,Artisan Ninja FX Zero Soft Black,SteelSeries Apex Pro TKL,Logitech G Pro X Headset,
,Gentle Mates,Nikof,Logitech G Pro X Superlight Black,800,4.5%,4.5%,100.0%,100.0%,Acer Predator XB241H,1920x1080,Corsair MM500,SteelSeries Apex Pro TKL (2023),beyerdynamic DT 770 Pro,Herman Miller Embody
,Gentle Mates,MariusCOW,Razer Viper V3 Pro Black,1600,3.6%,3.6%,37.0%,37.0%,ZOWIE XL2546K,1920x1080,Artisan FX Hien Soft Black,SteelSeries Apex Pro Mini Black,Razer BlackShark V2 Pro White,Razer Iskur V2 X
,Gentle Mates,Merstach,Logitech G Pro X Superlight 2 Magenta,1600,3.3%,3.3%,48.0%,48.0%,Alienware AW2521H,1920x1080,Artisan Hayate Otsu Soft Black,SteelSeries Apex Pro TKL (2023),beyerdynamic DT 990 Pro,Razer Iskur V2
,Gentle Mates,Vanyak3kk,Logitech G Pro X Superlight 2 Black,800,7.1%,7.1%,30.0%,30.0%,ZOWIE XL2566K,1920x1080,Artisan Raiden FX XSoft,SteelSeries Apex Pro TKL (2023),HyperX Cloud II Wireless,Razer Iskur V2
,Gentle Mates,Swizzy,Logitech G Pro X Superlight 2 Black,1600,3.5%,3.5%,54.5%,54.6%,Alienware AW2523HF,1920x1080,4D Gaming Enigma,SteelSeries Apex Pro TKL (2023),Logitech G Pro X Headset,Razer Iskur V2
,Gentle Mates,Gotaga,Razer Viper Mini Signature Edition,400,16.0%,16.0%,30.0%,40.0%,TCL 24G645,1920x1080,Razer Gigantus V2,Razer Huntsman V3 Pro TKL Black,Razer BlackShark V2 X,Razer Iskur V2
,Gentle Mates,pollofn,Razer Viper V3 Pro Black,800,6.4%,6.4%,30.0%,30.0%,ZOWIE XL2566K,1920x1080,Artisan Ninja FX Zero Soft Black,SteelSeries Apex Pro Mini Black,,Razer Iskur V2
,Gentle Mates,PodaSai,Razer Viper V3 Pro White,1600,2.5%,2.5%,50.0%,50.0%,ZOWIE XL2540K,1920x1080,Artisan FX Hien Soft Black,Razer Huntsman V3 Pro Mini Black,Razer BlackShark V2 Pro Black,Secretlab Titan EVO 2022
,BIG,vicotryona,Razer Viper Mini Signature Edition,800,5.5%,5.5%,30.0%,30.0%,ASUS ROG SWIFT PG259QN,1920x1080,Custom Mousepad,Wooting 60HE+,HyperX Cloud III,Herman Miller Embody
,Elite Esports,Eomzo,Razer Viper V3 Pro Black,800,6.6%,6.6%,42.0%,42.0%,ZOWIE XL2546X+,1920x1080,Artisan Ninja FX Zero Soft Black,SteelSeries Apex Pro TKL Gen 3 Black,Logitech G Pro X Headset League of Legends Edition,Herman Miller Aeron
,BK ROG Esports,Hris,Razer Viper V3 Pro Black,800,8.2%,8.2%,43.1%,40.7%,Alienware AW2723DF,1680x1050,Razer Gigantus V2,Razer Huntsman V3 Pro TKL Black,Razer BlackShark V2 Pro Black,
,w7m esports,Seeyun,Razer Viper V3 Pro Black,800,8.6%,8.6%,10.0%,15.0%,Alienware AW2523HF,,Razer Strider,Razer Huntsman Mini,Razer BlackShark V2 Pro Black,Secretlab x Team Liquid Gaming Chair
,w7m esports,kurtz,Razer Deathadder V3 Pro Black,1600,4.5%,4.5%,25%,25%,Alienware AW2518H,1920x1080,Razer Gigantus V2,Wooting 80HE Black,Razer BlackShark V2 Pro Black,
,w7m esports,Pulga,Finalmouse Ultralight 2,3200,14.0%,14.0%,100.0%,100.0%,Alienware AW2521HF,1920x1080,Artisan Hayate Otsu XSoft Black,Wooting 80HE Black,Logitech G935,Secretlab x Team Liquid Gaming Chair
,KPI Gaming,Clone,Logitech G Pro X Superlight Black,1600,4.7%,4.7%,45.0%,45.0%,ZOWIE XL2546K,1920x1080,Inked Gaming Custom Mousepad,Wooting 80HE Black,HyperX Cloud II Wireless,
,Fokus Clan,juu,Logitech G Pro X Superlight Black,800,8.0%,8.0%,28.0%,100.0%,ZOWIE XL2546K,1920x1080,Custom Mousepad,Wooting 80HE Black,Logitech G Pro Headset,
,CGN Esports,Jannis,Razer Viper Mini Signature Edition,800,6.6%,6.6%,60.0%,70.0%,Acer Predator XB252Q,1920x1080,Razer Strider,Wooting 60HE+,Razer BlackShark V2 Pro White,Razer Iskur V2 X
,ZETA DIVISION,Koyota,Logitech G Pro X Superlight 2 Black,800,6.0%,6.0%,25.0%,25.0%,AlienWare AW2518HF,,Inked Gaming Custom Mousepad,SteelSeries Apex Pro Mini Black,Sony INZONE H9,
,Wave Esports,Vadeal,Razer Viper Mini Signature Edition,800,8.0%,8.0%,72.0%,100.0%,ZOWIE XL2566K,1920x1080,Argonpads Topography Speed,Wooting 80HE Black,Logitech G Pro X Headset,
,JFT Esports,Pumpkin,Razer Viper V3 Pro Black,800,5.8%,5.8%,50.0%,50.0%,,1920x1080,ZOWIE G-SR-SE Gris,Wooting 80HE Black,Razer BlackShark V2 Pro Black,
,Giants,LOLiTO FDEZ,Razer Viper V2 Pro Black,800,9.2%,9.2%,65.0%,65.0%,ZOWIE XL2540,1920x1080,Razer Gigantus,Ducky One 2 Mini,beyerdynamic DT 990 Pro,
,X2 Twins,Jesse,Logitech G Pro X Superlight Black,400,12.0%,12.0%,50.0%,50.0%,ZOWIE XL2546,1920x1080,ZOWIE G-SR-SE Blue,SteelSeries Apex Pro TKL,beyerdynamic DT 990 Pro,Herman Miller Aeron
,X2 Twins,Jordan,Razer Viper Ultimate,800,5.7%,5.7%,60.0%,60.0%,ASUS ROG SWIFT PG259QN,1920x1080,ZOWIE G-SR-SE Blue,SteelSeries Apex Pro TKL,HyperX Cloud Alpha,
,NRG,Hamlinz,Logitech G Pro X Superlight Black,400,10.1%,10.2%,65.0%,69.9%,ZOWIE XL2546,1920x1080,Logitech G640 Original,SteelSeries Apex Pro TKL,HyperX Cloud II,
,100 Thieves,CouRage,Razer DeathAdder V2,800,9.0%,9.0%,37.0%,37.0%,Samsung CRG5,1920x1080,Corsair MM700 RGB,Corsair K65 RGB MINI 60%,Corsair Virtuoso Pro,
,Solary,Momsy,Razer Viper V3 Pro Black,1600,4.0%,4.0%,35.5%,35.5%,ASUS VG249QM1A,1920x1080,Razer Gigantus V2 XXL,Razer Huntsman V3 Pro TKL Black,Razer BlackShark V2 Pro Black,
,Solary,kombek,Razer Viper V3 Pro Black,1600,4.2%,4.2%,50.0%,50.0%,Omen X25F,1720x1080,Artisan Ninja FX Zero Mid,Wooting 60HE+,beyerdynamic DT 990 Pro,
,EvozA Esport,pixx,Logitech G Pro Wireless,800,6.9%,6.9%,27.4%,26.8%,ASUS TUF VG258QM,1920x1080,Xtrfy GP4,Wooting 60HE+,HyperX Cloud II,
,EvozA Esport,Demus,Logitech G Pro X Superlight 2 Black,800,7.3%,7.3%,44.0%,44.0%,,1720x1080,4D Gaming Enigma,SteelSeries Apex Pro Mini Black,HyperX Cloud II,
,Valiant,TruleX,Logitech G Pro X Superlight Black,800,12.3%,12.3%,39.8%,39.8%,AlienWare AW2518HF,1780x1080,Artisan Ninja FX Zero Soft Orange,SteelSeries Apex Pro TKL (2023),HyperX Cloud II,
,HERO Base,916Gon,Lamzu Maya Black,1600,4.0%,4.0%,50.0%,50.0%,ZOWIE XL2546,1920x1080,WALLHACK SP-004 Black,SteelSeries Apex Pro Mini Black,Razer BlackShark V2 Pro Black,Secretlab Titan EVO 2022
,LND Esports,QnDx,Razer Viper V3 Pro White,800,9.5%,9.5%,13.5%,13.5%,Alienware AW2523HF,1920x1080,Razer Gigantus V2,Razer Huntsman V3 Pro TKL Black,Razer BlackShark V2 Pro Black,
,FLC,Kirwa,Razer Viper V3 Pro Black,800,10.0%,10.0%,37.0%,28.0%,Alienware AW2523HF,1920x1080,Razer Gigantus V2,Wooting 60HE+,Razer BlackShark V2 Pro Black,
,FLC,Eclipse27,Razer Viper Mini Signature Edition,800,5.8%,5.8%,40.0%,50.0%,ZOWIE XL2546,1920x1080,Artisan Ninja FX Zero Soft Black,Wooting 60HE+,HyperX Cloud II Wireless,
,Fractious Esports,Lequy,Razer Viper V3 Pro White,800,6.6%,6.6%,36.0%,36.0%,HP OMEN 24.5″,1920x1080,Razer Strider,Wooting 60HE+,Razer BlackShark V2 Pro Black,IKEA Markus
,Fractious Esports,Gordete,Razer Viper V3 Pro Black,,,,,,AOC 24G2Z,1920x1080,,Wooting 60HE+,Razer BlackShark V2 Pro Black,
,Regal Esports,Predage,Razer Viper V3 Pro White,800,6.5%,6.5%,35.5%,44.3%,Samsung Odyssey G4,1920x1080,Razer Gigantus V2,Wooting 60HE+,Razer BlackShark V2 Pro Black,Logitech G x Herman Miller Embody
,Averiour Gaming,Nomzz,,,,,,,AOC C27G2ZE,1920x1080,,Wooting 60HE+,Logitech G435,Razer Iskur V2 X
,PRDGY,Bqrbie,,,,,,,Lenovo Legion Y25-30,1920x1080,,,,DXRacer Prince
,PWR,Worthy,ZOWIE U2,800,6.4%,6.4%,52.4%,52.4%,MSI NXG253R,1920x1080,Lethal Gaming Gear Saturn Pro,Glorious GMMK 2 65%,,
,PWR,alex,Razer Viper V3 Pro Black,800,7.0%,7.0%,33.0%,33.0%,ASUS ROG SWIFT PG258Q,1920x1080,Lethal Gaming Gear Saturn Pro Red,Razer Huntsman V3 Pro Mini Black,,
,PWR,Volx,ZOWIE U2-DW,800,4.5%,4.5%,28.2%,63.8%,ASUS ROG SWIFT PG258Q,1920x1080,ZOWIE G-SR-SE Blue,Wooting 60HE+,Sennheiser PC38X,Herman Miller Aeron
,Team Aight,Flickzy,Logitech G Pro X Superlight 2 Black,1600,3.3%,3.3%,29.4%,29.4%,ASUS ROG SWIFT PG258Q,1720x1080,,SteelSeries Apex Pro Mini Black,HyperX Cloud Alpha S,
,Team Aight,Hijoe,Razer Viper V3 Pro White,1600,3.5%,3.5%,0.4%,0.4%,ASUS TUF VG258QM,1920x1080,Razer Strider,Wooting 60HE+,Razer BlackShark V2 Pro White,Razer Iskur V2 X
,Paps Esport,Laizen,Logitech G Pro Wireless,800,8.3%,8.3%,59.0%,59.0%,ZOWIE XL2540K,1920x1080,Logitech G840,Wooting 80HE Black,Logitech G Pro X Headset,
,Limit,Doniee,Razer Viper V2 Pro Black,800,6.4%,6.4%,35.0%,35.0%,ZOWIE XL2546,1920x1080,,Wooting 80HE Black,,
,2AM Esports,Snacky,Logitech G Pro X Superlight Black,800,4.7%,4.7%,40.0%,39.9%,Alienware AW2720HF,1720x1080,Custom Mousepad,SteelSeries Apex Pro TKL,Logitech G Pro X Headset,
,Samsung Morning Stars,Piz,Logitech G Pro X Superlight 2 Black,800,7.0%,7.0%,35.0%,35.0%,Samsung Odyssey G6,1920x1080,Artisan Ninja FX Zero Soft Black,SteelSeries Apex Pro TKL (2023),Logitech G PRO X 2 Headset Black,Razer Iskur V2 X
,Atlantic,Sky,Razer Viper V3 Pro Black,800,5.5%,5.5%,47.0%,47.0%,Lenovo Legion Y25-30,1920x1080,,SteelSeries Apex Pro TKL,Razer BlackShark V2 Pro Black,
,Atlantic,Scroll,Razer Viper V3 Pro Black,800,6.0%,6.0%,55.0%,55.0%,Alienware AW2523HF,1920x1080,Artisan Ninja FX Zero XSoft Black,SteelSeries Apex Pro,Logitech G Pro X Wireless Headset,
,Team Havok,Rad3on,Razer Viper V3 Pro Black,1600,5.0%,5.0%,50.0%,50.0%,ZOWIE XL2540,1920x1080,ZOWIE G-SR-SE Bi,Wooting 60HE+,Logitech G Pro X Headset,
,Team Havok,Nxthan,,,,,,,Alienware AW2720HF,1920x1080,,,Corsair HS70 Pro,
,Team Havok,Snayzy,Logitech G Pro X Superlight 2 Black,800,6.8%,6.8%,48.0%,48.0%,ZOWIE XL2566K,1920x1080,VAXEE PA Black,Razer Huntsman V3 Pro Mini Black,Razer BlackShark V2 Pro Black,Logitech G x Herman Miller Embody
,Team Havok,Wox,Razer Viper V3 Pro Black,800,6.6%,6.4%,39.0%,39.0%,Acer Nitro XV252QF,1920x1080,Artisan Hayate Otsu Soft Black,Wooting 60HE+,Razer BlackShark V2 Pro Black,
,Team Havok,IDROP,FinalMouse Starlight Pro,1600,5.0%,5.0%,33.0%,33.0%,ASUS ROG SWIFT PG259QN,1920x1080,Artisan Ninja FX Zero XSoft Black,Wooting 60HE+,HyperX Cloud III,
,Team Havok,Pixie,Razer Viper V3 Pro Black,800,6.0%,6.0%,35.0%,35.0%,Acer Nitro XV252QF,1920x1080,Argonpads SWIFT,Wooting 80HE Black,Razer BlackShark V2 Pro Black,
,mYinsanity,noaggs,Razer Deathadder V3 Pro Black,1200,5.2%,5.2%,45.0%,45.0%,Alienware AW2518H,1920x1080,Argonpads SWIFT,Wooting 60HE+,Razer BlackShark V2 Pro Black,
,Melilla Titans,J4vix,Razer Viper 8KHz,800,6.2%,6.2%,23.1%,28.1%,ZOWIE XL2546K,1920x1080,ZOWIE GTF-X,Wooting 60HE+,Logitech G332,
,Witness The Journey,Vergo,Logitech G Pro X Superlight 2 Black,1600,4.1%,4.1%,55.0%,29.3%,Alienware AW2523HF,1920x1080,4D Gaming Enigma,Wooting 80HE Black,HyperX Cloud II Wireless,
,Al Qadsiah Esports,Kami,Razer Viper V3 Pro Black,800,15.5%,15.5%,54.0%,54.0%,LG UltraGear 27GR95QE-B,1780x1080,Artisan Ninja FX Zero Soft Black,SteelSeries Apex Pro Mini Black,Sennheiser HD 600,Herman Miller Embody
,Xen,cxltures,Xtrfy M42 Wireless,800,7.2%,7.2%,35.1%,35.1%,ASUS TUF VG279QM,1920x1080,,SteelSeries Apex Pro Mini Black,,
,Shinden,Fazer,Razer Viper V3 Pro Black,800,6.0%,6.0%,35.0%,40.1%,ZOWIE XL2566K,1920x1080,Inked Gaming Custom Mousepad,Razer Huntsman V3 Pro Mini Black,HyperX Cloud Flight S,
,Vanish,DeATH,Logitech G Pro X Superlight 2 Black,800,6.4%,6.4%,45.0%,45.0%,ZOWIE XL2546K,1920x1080,Inked Gaming Custom Mousepad,Wooting 60HE+,HyperX Cloud II,
,Vanish,cyrzr,Logitech G Pro X Superlight Magenta,400,8.0%,8.0%,35.1%,35.1%,,1920x1080,4D Gaming Enigma,Wooting 80HE Black,Logitech G Pro X Headset,
,Al Ula,Hero,Logitech G Pro X Superlight 2 Black,800,9.0%,9.0%,100.0%,100.0%,ZOWIE XL2546,1920x1080,Gamesense Radar,Logitech G Pro X TKL Keyboard Black,,
,Al Ula,Adapter,Razer Viper V2 Pro Black,800,9.0%,8.0%,28.4%,30.4%,ZOWIE XL2546,1920x1080,Lethal Gaming Gear Saturn Pro,SteelSeries Apex Pro,HyperX Cloud II,
,Al Ula,FKS,Logitech G Pro Wireless,800,6.0%,6.0%,24.0%,24.0%,ASUS ROG PG27AQDM,1920x1080,Lethal Gaming Gear Saturn Pro,SteelSeries Apex Pro Mini Black,,
,Al Ula,Mansour,,,,,,,,1920x1080,,,HyperX Cloud III,
,Free Agent,Emad,Logitech G Pro Wireless,800,6.5%,6.5%,50.0%,50.0%,Alienware AW2518H,1920x1080,Logitech G640 TSM Edition,Logitech G Pro X Keyboard,Logitech G Pro X Headset,Herman Miller Embody
,Free Agent,innocents,,,,,,,Alienware AW2518H,1920x1080,,,ASTRO A40,
,Free Agent,Chapix,Logitech G Pro X Superlight Black,1600,3.7%,3.2%,80.0%,100.0%,Acer Predator XB272,1920x1080,Logitech G840,Corsair K65 TKL,HyperX Cloud Flight,
,Free Agent,MackWood,Logitech G Pro X Superlight Black,800,8.5%,8.5%,30.0%,35.0%,ZOWIE XL2540,1920x1080,Logitech G640 Original,SteelSeries Apex Pro TKL,Logitech G Pro X Headset,
,Free Agent,nosh,Razer Viper Ultimate,800,5.8%,5.8%,50%,50%,Alienware AW2518H,1920x1080,SteelSeries QcK+,SteelSeries Apex Pro TKL,Logitech G Pro Headset,
,Free Agent,Commandment,Finalmouse Ultralight 2,800,7.0%,7.0%,100.0%,100.0%,ASUS ROG SWIFT PG258Q,1920x1080,Logitech G640 TSM Edition,SteelSeries Apex Pro TKL,beyerdynamic DT 990 Pro,
,Free Agent,Stompy,Logitech G Pro X Superlight Black,800,5.8%,5.8%,50.0%,50.0%,Alienware AW2518H,1920x1080,Razer Gigantus V2,Razer Huntsman Mini,Razer BlackShark V2,
,Free Agent,LuLuzito,Razer Viper Ultimate,400,12.0%,12.0%,33.0%,33.0%,AOC AG251FZ2E,1920x1080,Artisan FX Hien Soft Black,SteelSeries Apex Pro TKL,beyerdynamic DT 990 Pro,
,Free Agent,letw1k3,Logitech G Pro X Superlight Black,800,4.5%,4.5%,43.1%,43.1%,ZOWIE XL2546,1720x1080,ZOWIE G-SR-SE Deep Blue,SteelSeries Apex Pro TKL,HyperX Cloud II,
,Free Agent,blackoutz,Logitech G Pro X Superlight 2 White,4800,1.0%,1.0%,40.0%,40.0%,ASUS PG248QP,1728x1080,Artisan Shidenkai V2 Mid Snow White,Wooting 60HE+,SteelSeries Arctis Nova Pro Wireless,Herman Miller Embody
,Free Agent,Lixium,Razer Viper V3 Pro Black,1600,4.4%,4.4%,20.0%,20.0%,ZOWIE XL2546K,,,Razer Blackwidow V4 Pro,Razer BlackShark V2 Pro Black,
,Free Agent,Skvii,Razer Viper V3 Pro Black,1200,3.3%,3.3%,29.5%,35.5%,Alienware AW2521H,1720x1080,Razer Gigantus V2,Razer Huntsman V3 Pro TKL Black,Razer BlackShark V2 Pro Black,
,Free Agent,Mesportt,Razer Viper V3 Pro Black,800,6.4%,6.4%,30.0%,30.0%,,1920x1080,Inked Gaming Custom Mousepad,Razer Huntsman V3 Pro Mini Black,Razer BlackShark V2 Pro Black,
,Free Agent,vaxsr,Razer Viper V3 Pro Black,800,6.4%,6.4%,48.7%,48.3%,,1920x1080,Artisan Ninja FX Zero Soft Orange,Razer Huntsman V3 Pro Mini Black,Razer BlackShark V2 Pro Black,
,Free Agent,Chimperatie,Razer Viper V3 Pro White,800,7.2%,7.2%,42.0%,42.0%,Alienware AW2523HF,1920x1080,Razer Strider,Razer Huntsman V3 Pro TKL Black,Razer BlackShark V2 Pro White,
,Free Agent,spitflow,Razer DeathAdder V3 HyperSpeed,800,10.0%,10.0%,70.0%,90.0%,ZOWIE XL2546,1720x1080,Zowie G-SR II,Razer Huntsman V3 Pro TKL Black,Logitech G PRO X 2 Headset Black,
,Free Agent,Rabid,Razer Viper V3 Pro White,800,6.4%,6.4%,27.2%,27.2%,Alienware AW2518H,1920x1080,Razer Strider,Razer Huntsman V3 Pro TKL Black,Razer BlackShark V2 Pro White,
,Free Agent,Jeyy,Logitech G Pro X Superlight Black,1600,4.5%,4.5%,31.0%,31.0%,AOC AG251FZ2E,1920x1080,,SteelSeries Apex Pro TKL,HyperX Cloud II,
,Free Agent,Dukez,Razer Viper V3 Pro Black,1600,3.5%,3.5%,34.0%,34.0%,Alienware AW2521HF,1920x1080,ZOWIE G-SR-SE Gris,Wooting 60HE+,HyperX Cloud II Wireless,
,Free Agent,Ryux,SteelSeries Rival 310,400,9.0%,9.0%,45.8%,53.2%,ZOWIE XL2546,1920x1080,SteelSeries QcK Large,SteelSeries Apex Pro TKL,HyperX Cloud Alpha,
,Free Agent,Ricbor,Razer Viper V3 Pro Black,800,6.4%,6.4%,40.0%,40.0%,,1920x1080,,Wooting 80HE Black,Logitech G Pro X Headset,
,Free Agent,Rehx,Finalmouse Ultralight 2,800,7.0%,7.0%,60.0%,60.0%,,1920x1080,ZOWIE G-SR-SE Blue,Wooting 60HE+,Sennheiser GAME ONE,
,Free Agent,Deyy,Razer Viper V3 Pro Black,800,9.0%,9.0%,25.5%,26.4%,Alienware AW2518H,1920x1080,Razer Gigantus V2,Wooting 60HE+,Razer BlackShark V2 Pro Black,
,Free Agent,Jarko,Razer Viper V3 Pro White,800,5.0%,5.0%,36.0%,36.0%,Alienware AW2518H,1920x1080,Razer Strider,Wooting 60HE+,Razer BlackShark V2 Pro Black,
,Free Agent,H1ghsky1,SteelSeries Aerox 3 Wireless Black,800,8.4%,8.4%,86.1%,85.4%,Acer GN246HL,1920x1080,SteelSeries QcK+,SteelSeries Apex Pro Mini Black,SteelSeries Arctis 1,
,Free Agent,AstroSMZ,Logitech G Pro Wireless,800,6.5%,6.5%,100.0%,100.0%,,1920x1080,Razer Gigantus V2 XXL,Wooting 60HE+,Corsair HS65,
,Free Agent,Adn,Logitech G Pro X Superlight Black,800,4.8%,4.8%,100.0%,100.0%,Alienware AW2521HF,1920x1080,Artisan Ninja FX Zero Soft Black,SteelSeries Apex Pro TKL,HyperX Cloud III,
,Free Agent,Jelty,Logitech G Pro X Superlight Black,800,8.0%,8.0%,50.0%,50.0%,GIGABYTE AORUS KD25F,1920x1080,The Mousepad Company Strata Liquid 07,SteelSeries Apex Pro TKL,Logitech G Pro X Headset,Logitech G x Herman Miller Embody
,Free Agent,edsonmalado,Razer Viper V3 Pro White,800,8.5%,8.5%,50.0%,25.0%,ZOWIE XL2546K,1920x1080,Razer Gigantus V2,Razer Huntsman V3 Pro Mini Black,Razer BlackShark V2 Pro Black,Secretlab Titan EVO 2022
,Free Agent,Wolfiez,,,,,,,Omen X25F,1920x1080,,,HyperX Cloud Alpha,noblechairs HERO
,Free Agent,Volko,Razer Viper V3 Pro White,800,7.7%,7.7%,30.0%,30.0%,Alienware AW2521HF,1920x1080,Razer Strider,Razer Huntsman V3 Pro TKL Black,Razer BlackShark V2 Pro Black,
,Free Agent,Chap,Razer Deathadder V3 Pro Black,1600,6.0%,6.0%,25.0%,25.0%,Alienware AW2518H,1920x1080,4D Gaming TESSERACT,SteelSeries Apex Pro TKL (2023),Sennheiser HD800 S,
,Free Agent,Wheat,WLMouse BEAST X Silver,1600,5.5%,5.5%,50.0%,50.0%,,1920x1080,Argonpads SWIFT,Wooting 60HE+,EPOS H3,
,Free Agent,Flikk,Razer Viper V3 Pro Black,1600,7.1%,4.1%,28.0%,28.0%,ZOWIE XL2566K,1920x1080,Artisan Hayate Otsu XSoft Black,Wooting 60HE+,Razer BlackShark V2 Pro Black,
,Free Agent,Miro,Razer Viper V3 Pro White,1600,3.5%,3.5%,39.0%,39.0%,ZOWIE XL2540K,1920x1080,Razer Gigantus V2,Wooting 80HE Black,Razer BlackShark V2 Pro White,
,Free Agent,Crr4zy,,,,,,,ASUS TUF VG258QM,1920x1080,,Wooting 80HE Black,HyperX Cloud Flight,
,Free Agent,Waiz,Razer Viper V3 Pro White,800,6.0%,6.0%,50.0%,50.0%,ASUS ROG STRIX XG248Q,1920x1080,Razer Gigantus V2,Wooting 80HE Black,Razer BlackShark V2 Pro White,
,Free Agent,Zangi,,,,,,,AOC AG251FZ,1920x1080,,Wooting 80HE Black,,
,Free Agent,kayd,Logitech G Pro Wireless,800,9.7%,9.7%,37.5%,25.0%,Alienware AW2521HF,1920x1080,Razer Gigantus V2,Wooting 60HE+,HyperX Cloud II,
,Free Agent,Nipsy,Razer Viper V3 Pro Black,,,,,,Alienware AW2521HF,,Razer Gigantus V2,Wooting 80HE Black,Razer BlackShark V2 Pro Black,
,Free Agent,klownski,Razer Viper V3 Pro White,1600,3.2%,3.2%,50.0%,50.0%,,1920x1080,Artisan Ninja FX Zero Soft Black,Wooting 60HE+,Razer BlackShark V2 Pro Black,
,Free Agent,KBR,Razer Viper V3 Pro Black,800,5.8%,5.8%,50.0%,50.0%,ZOWIE XL2546K,1920x1080,Razer Gigantus V2,Wooting 80HE Black,Razer BlackShark V2 Pro Black,
,Free Agent,Tinka,Razer Viper V3 Pro Black,800,6.0%,6.0%,50.0%,50.0%,ViewSonic XG2560,1920x1080,Artisan Ninja FX Zero Soft Black,Wooting 80HE Black,,
,Free Agent,Bloomy,Razer Viper V3 Pro Black,800,5.8%,5.8%,35.0%,35.0%,ZOWIE XL2566K,1920x1080,Razer Gigantus V2,Wooting 60HE+,Razer BlackShark V2 Pro Black,
,Free Agent,moneymaker,,,,,,,,,,Wooting 60HE+,HyperX Cloud II,
,Free Agent,Belusi,Finalmouse Ultralight X Medium,1600,,7.0%,35.0%,35.0%,ZOWIE XL2566K,1920x1080,Artisan FX Hien Soft Black,Wooting 60HE+,Logitech G Pro X Headset,
,Free Agent,Assault,,,,,,,Alienware AW2518H,1920x1080,,Wooting 60HE+,ASTRO A40,
,Free Agent,7MAN,Razer Viper V3 Pro Black,,,,,,ASUS TUF VG279QM,1920x1080,,Wooting 80HE Black,HyperX Cloud II,DEVO Gaming Chair
,Free Agent,Zara,Razer Deathadder V3 Pro Black,800,10.2%,10.2%,40.0%,40.0%,Samsung Odyssey Neo G9,1920x1080,Razer Atlas Black,Wooting 80HE Black,Razer BlackShark V2 Pro Black,
,Free Agent,bevvys,Razer Viper Mini,800,4.7%,4.7%,40.0%,40.0%,ASUS TUF VG259QM,1920x1080,Artisan Ninja FX Zero Soft Black,Wooting 60HE+,Logitech G Pro X Wireless Headset,
,Free Agent,Germán62hz,Razer Viper V3 Pro Black,600,28.0%,28.0%,14.0%,14.0%,ASUS ROG Strix XG259QN,1920x1080,WALLHACK SY-001,Wooting 80HE Black,HyperX Cloud III,
,Free Agent,Umplify,,,,,,,Alienware AW2521HF,1920x1080,,Wooting 80HE Black,Logitech G Pro X Wireless Headset,Razer Iskur V2 X
,Free Agent,Arc,Razer Viper V3 Pro White,1600,3.1%,3.1%,35.0%,35.0%,ASUS ROG SWIFT PG259QN,1920x1080,Razer Gigantus V2,Wooting 60HE+,Razer BlackShark V2 Pro White,
,Free Agent,GMoney,,1600,3.2%,3.2%,43.0%,43.0%,Alienware AW2725DF,2560x1440,,,HyperX Cloud Stinger II,DXRacer Prince
,Free Agent,Kwanti,Razer Deathadder V3 Pro Black,800,6.6%,6.6%,40.0%,40.0%,ZOWIE XL2546K,1920x1080,Razer Gigantus V2,Razer Huntsman V3 Pro TKL Black,Razer BlackShark V2 Pro White,Secretlab Titan EVO 2022
,Free Agent,JulianCoM,Razer Viper V3 Pro Black,1600,3.8%,3.8%,0.72%,0.72%,ASUS ROG SWIFT PG259QN,1920x1080,Razer Strider,Razer Huntsman V3 Pro TKL White,Razer BlackShark V2 Pro Black,noblechairs EPIC
,Free Agent,Phantom2x,Logitech G Pro X Superlight 2 Black,800,6.0%,6.0%,50.0%,30.0%,Alienware AW2523HF,1920x1080,Inked Gaming Custom Mousepad,SteelSeries Apex Pro TKL,Logitech G Pro X Headset,Secretlab Titan EVO 2022
,Free Agent,Robott,,,,,,,Alienware AW2521HF,1720x1080,,,HyperX Cloud II,
,Free Agent,Toose,Pulsar X2 Mini,800,8.0%,8.0%,45.0%,48.7%,Acer Predator XN3,1920x1080,Xtrfy GP4 Street Blue,SteelSeries Apex Pro TKL (2023),Sennheiser GAME ZERO,Secretlab Titan EVO 2022
,Free Agent,AsianJeff,Logitech G Pro X Superlight 2 Magenta,800,8.0%,8.0%,35.0%,35.0%,Alienware AW2523HF,1720x1080,Lethal Gaming Gear Saturn Pro Red,Razer Huntsman V3 Pro TKL Black,beyerdynamic DT 990 Pro,Logitech G x Herman Miller Embody
,Free Agent,Nebs,Razer Viper V3 Pro Black,800,6.0%,6.0%,35.0%,35.0%,ZOWIE XL2546K,1920x1080,Razer Gigantus V2,Wooting 80HE Black,Razer BlackShark V2 Pro White,
,Free Agent,Yasir,Logitech G Pro X Superlight Black,800,4.0%,4.0%,40.0%,40.0%,ASUS ROG PG27AQDM,1920x1080,,Wooting 80HE Black,Logitech G Pro X Headset,
,Free Agent,kaykywhale,Razer Viper V3 Pro Black,400,8.2%,8.2%,57.5%,55.5%,Alienware AW2523HF,1920x1080,Razer Strider,Wooting 80HE Ghost,Razer BlackShark V2 Pro Black,DXRacer King
,Free Agent,Kchorro,Razer Viper V3 Pro Black,1600,12.0%,12.0%,50.0%,47.0%,AOC AG251FZ,1920x1080,Razer Gigantus V2,Wooting 80HE Ghost,Razer BlackShark V2 Pro Black,
,Free Agent,Marco,,,,,,,ZOWIE XL2566K,1920x1080,,Wooting 80HE Black,Razer BlackShark V2 Pro White,
,Free Agent,Leleo,Logitech G Pro X Superlight Black,800,9.3%,9.3%,100.0%,100.0%,ZOWIE XL2546,1920x1080,Glorious XXL,Wooting 80HE Black,HyperX Cloud Alpha S,
,Free Agent,Kikoo,,,,,,,HP OMEN 24.5″,1920x1080,,Wooting 80HE Black,,
,Free Agent,LeTsHe,,,,,,,AOC C24G1,1920x1080,,,Logitech G Pro X Wireless Headset,Secretlab Titan
,Free Agent,Scoped,,,,,,,Acer XF250Q,1920x1080,,,ASTRO A40,Herman Miller Aeron
,Free Agent,Thiefs,Logitech G Pro X Superlight Black,800,7.5%,7.5%,100.0%,100.0%,Alienware AW2521HF,1920x1080,Glorious XXL,SteelSeries Apex Pro TKL (2023),SteelSeries Arctis Pro,
,Free Agent,Nate Hill,FinalMouse Starlight-12,800,8.0%,8.0%,45.0%,100.0%,Acer Predator XB252Q,1920x1080,SteelSeries QcK+,SteelSeries Apex Pro TKL,SteelSeries Arctis Pro Wireless,Secretlab Titan EVO 2022
,Free Agent,Endretta,Razer Viper Mini,400,10.6%,10.6%,40.0%,40.0%,Alienware AW2518H,1920x1080,ZOWIE G-SR-SE Divina Blue,Razer Huntsman V3 Pro TKL Black,SteelSeries Arctis Pro,
,Free Agent,Marksman,Logitech G403 HERO,800,6.0%,6.0%,37.0%,47.0%,Alienware AW2518H,1920x1080,Logitech G640 Original,Corsair K70 RGB,beyerdynamic DT 990 Pro,Herman Miller Aeron
,Free Agent,Anas,HyperX Pulsefire Haste,1450,5.0%,5.0%,70.0%,50.5%,Acer Predator XB252Q,1920x1080,SteelSeries QcK+,Corsair K65 TKL,HyperX Cloud II,
,Free Agent,Cented,Logitech G Pro X Superlight Black,800,7.2%,7.2%,40.0%,40.0%,Acer Nitro XV252QF,1720x1080,Inked Gaming Custom Mousepad,Wooting 60HE+,HyperX Cloud II Wireless,Herman Miller Embody
,Free Agent,Aspect,Razer Viper V3 Pro White,800,6.5%,6.5%,30.0%,70.0%,Samsung Odyssey G4,1720x1080,Razer Gigantus V2,Wooting 80HE Black,Razer BlackShark V2 Pro Black,
,Free Agent,Andilex,Razer Viper Mini Signature Edition,700,9.0%,9.0%,60.0%,100.0%,Alienware AW2518H,1920x1080,Razer Gigantus V2,Wooting 80HE Black,Razer BlackShark V2 Pro Black,
,Free Agent,pgod,Logitech G Pro X Superlight Black,800,8.0%,8.0%,45%,43%,Alienware AW2521HF,1920x1080,ESPTIGER LongTeng,Wooting 80HE Black,HyperX Cloud II Gun Metal,
,Free Agent,Refsgaard,Razer Deathadder V3 Pro Black,800,6.9%,6.9%,35.0%,50.0%,ZOWIE XL2546K,1920x1080,Glorious 3XL,Razer Huntsman V3 Pro TKL Black,HyperX Cloud II,Herman Miller Aeron
,Free Agent,Alliege,,,,,,,,1920x1080,,,ASTRO A40,Secretlab Titan EVO 2022
,Free Agent,Shamokiy,Logitech G Pro X Superlight Black,1600,3.5%,3.5%,80%,25%,Alienware AW2523HF,1920x1080,Razer Strider,Wooting 60HE+,HyperX Cloud Alpha,
,Free Agent,Robban,Razer Deathadder V3 Pro Black,1600,3.0%,3.0%,28.0%,28.0%,ZOWIE XL2546K,1920x1080,Razer Gigantus V2,Razer Huntsman V3 Pro,Razer BlackShark V2 Pro Black,
,Free Agent,vexi,Razer Viper V3 Pro White,800,7.0%,7.0%,,,,1720x1080,ZOWIE G-SR-SE Deep Blue,Wooting 80HE Black,Razer BlackShark V2 Pro White,
,Free Agent,SEYYTO,Razer Viper V3 Pro Black,800,6.4%,6.4%,36.0%,36.0%,,1920x1080,Razer Strider,Wooting 80HE Black,Razer BlackShark V2 Pro Black,
,Free Agent,Thiagin,Logitech G Pro X Superlight Black,1600,3.4%,3.4%,14.6%,15.9%,ASUS TUF VG279QM,1920x1080,WALLHACK SP-004 Black,Wooting 80HE Black,Logitech G733,
,Free Agent,Vortexia,Razer Viper V3 Pro Black,1600,2.7%,2.7%,35.0%,35.0%,ZOWIE XL2546K,1920x1080,Razer Gigantus V2,Wooting 60HE+,Razer BlackShark V2 Pro Black,
,Free Agent,Cazi,Razer Viper V3 Pro Black,800,5.0%,5.0%,50.0%,50.0%,ZOWIE XL2566K,1920x1080,Artisan Ninja FX Zero XSoft Black,Wooting 80HE Black,Razer BlackShark V2 Pro White,
,Free Agent,Sp1aash,Logitech G Pro X Superlight Black,1600,,5.0%,30%,30%,Alienware AW2521HF,1920x1080,Artisan Ninja FX Zero Soft Black,SteelSeries Apex Pro,HyperX Cloud Alpha,
,Free Agent,deymo,Razer Viper V3 Pro White,800,7.0%,7.0%,50.0%,50.0%,Alienware AW2724HF,1720x1080,Inked Gaming Custom Mousepad,Wooting 80HE Black,Razer BlackShark V2 Pro Black,
,Free Agent,anon,Razer Viper V3 Pro White,800,6.1%,6.1%,33.0%,33.0%,Alienware AW2521H,1920x1080,Razer Strider,Wooting 80HE Black,Razer BlackShark V2 Pro Black,
,Free Agent,czb,Razer Viper V3 Pro White,800,7.0%,7.0%,50.0%,50.0%,Alienware AW2521HF,1920x1080,Razer Gigantus V2,Razer Huntsman V3 Pro TKL Black,Razer BlackShark V2 Pro White,
,Free Agent,resignz,Razer Viper V3 Pro White,1600,3.3%,3.3%,36.3%,36.3%,Alienware AW2518H,1720x1080,Razer Strider,Razer Huntsman V3 Pro TKL Black,Razer BlackShark V2 Pro Black,
,Free Agent,sanjog,Razer Viper V3 Pro White,800,5.4%,5.4%,50.0%,50.0%,Alienware AW2725DF,1920x1080,Razer Gigantus V2,Razer Huntsman V3 Pro Mini Black,Razer BlackShark V2 Pro White,
,Free Agent,Werex,Razer Viper V3 Pro Black,800,9.5%,9.5%,41.0%,41.0%,AOC AG251FZ,1920x1080,Razer Atlas Black,Wooting 80HE Black,Razer BlackShark V2 Pro Black,
,Free Agent,Skailer,Razer Viper V3 Pro White,800,6.5%,6.5%,25.0%,25.0%,Alienware AW2518H,1920x1080,Razer Gigantus V2,Razer Huntsman V3 Pro TKL Black,Razer BlackShark V2 Pro White,
,Free Agent,Layn,Razer Viper V3 Pro Black,1600,2.9%,2.9%,50.0%,35.0%,ZOWIE XL2566K,1920x1080,Artisan FX Hien Soft Black,Razer Huntsman V3 Pro TKL Black,Razer BlackShark V2 Pro Black,
,Free Agent,Ucra,Razer Viper V3 Pro White,1600,3.8%,3.8%,50.0%,50.0%,ASUS TUF VG258QM,1920x1080,Razer Strider,Razer Huntsman V3 Pro TKL Black,Razer BlackShark V2 Pro Black,
,Free Agent,Pxmp,,,,,,,ZOWIE XL2566K,1920x1080,,,,
,Free Agent,Kovaak,Razer Viper V3 Pro Black,800,10.1%,10.1%,41.0%,46.0%,ZOWIE XL2546K,1920x1080,Artisan FX Hien Soft Black,Razer Huntsman V3 Pro Mini Black,Razer BlackShark V2 Pro Black,
,Free Agent,Stormyrite,Logitech G Pro X Superlight Black,800,7.5%,7.5%,55.0%,54.0%,ZOWIE XL2546K,1920x1080,ZOWIE G-SR-SE Bi,Wooting 80HE Black,HyperX Cloud II Wireless,
,Free Agent,Tkay,,,,,,,ZOWIE XL2566K,1920x1080,,,HyperX Cloud Alpha,
,Free Agent,Arrow,Razer Viper V3 Hyperspeed,800,4.8%,4.8%,50.0%,50.0%,ASUS TUF VG279QM,1920x1080,Corsair MM250,Wooting 80HE Black,HyperX Cloud III,
,Free Agent,Pxlarized,Logitech G Pro X Superlight 2 Black,800,4.6%,4.6%,30.0%,30.0%,Acer Nitro XV252QF,1920x1080,Lethal Gaming Gear Jupiter,SteelSeries Apex Pro Mini Black,beyerdynamic DT 990 Pro,
,Free Agent,Rezon ay,,1600,2.9%,2.9%,34.4%,36.4%,Alienware AW2523HF,1920x1080,Custom Mousepad,Custom Keyboard,HyperX Cloud Alpha,
,Free Agent,Mikson,Razer Viper V3 Pro Black,800,8.5%,8.5%,30.0%,39.0%,Alienware AW2521HF,1720x1080,Inked Gaming Custom Mousepad,SteelSeries Apex Pro Mini Gen 3,beyerdynamic MMX 300,IKEA Markus
,Free Agent,Gabzera,Logitech G Pro X Superlight 2 Black,1600,2.5%,2.5%,40.0%,40.0%,Alienware AW2725DF,2560x1440,Artisan FX Hien Soft Black,Wooting 80HE Black,beyerdynamic DT 900 Pro X,
,Free Agent,artskill,Logitech G Pro X Superlight 2 Black,1600,3.4%,3.4%,40.0%,40.0%,ASUS ROG SWIFT PG259QN,1920x1080,Artisan FX Hien Soft Black,Wooting 60HE+,beyerdynamic DT 990 Pro,
,Free Agent,Okis,,,,,,,Alienware AW2523HF,1920x1080,Razer Gigantus V2,SteelSeries Apex Pro Mini Black,Razer Kraken V3 Pro,Secretlab Titan EVO 2022
,Free Agent,Fnajen,Razer Viper V2 Pro Black,800,6.0%,6.0%,50.0%,45.0%,Omen X25F,1920x1080,Artisan Ninja FX Zero Soft Black,Wooting 60HE+,Logitech G PRO X 2 Headset Black,
,Free Agent,Felipersa,Razer DeathAdder V3,3850,1.0%,1.0%,75.3%,75.3%,,1920x1080,,SteelSeries Apex Pro Mini Black,beyerdynamic DT 990 Pro,Secretlab x Team Liquid Gaming Chair
,Free Agent,Sandrinho,Razer Viper V3 Pro Black,800,6.0%,6.0%,50.0%,50.0%,,1720x1080,SkyPAD 3.0,Wooting 60HE+,Corsair HS80 MAX,
,Free Agent,Mojak,Razer Viper V3 Pro White,800,5.6%,5.6%,27.0%,30.0%,ZOWIE XL2546,1920x1080,Razer Strider,Wooting 80HE Black,Razer BlackShark V2 Pro Black,
,Free Agent,Vaske1x,Logitech G Pro X Superlight 2 Black,800,8.0%,8.0%,40.0%,40.0%,Alienware AW2723DF,1720x1080,Razer Gigantus V2,SteelSeries Apex Pro TKL Gen 3 Black,HyperX Cloud II,
,Free Agent,npen,Flick Fire,1600,5.00%,3%,30.00%,30.00%,Samsung Odyssey G6,1920x1080,Artisan Ninja FX Zero Soft Black,SteelSeries Apex Pro TKL Gen 3 Black,beyerdynamic DT 990 Pro,
,Free Agent,K1NG,WLMouse BEAST X Black,800,9.4%,9.4%,25.1%,25.1%,ZOWIE XL2566K,1920x1080,Artisan Ninja FX Zero Soft Black,SteelSeries Apex Pro Mini Black,Logitech G Pro X Headset,
,Free Agent,Malibuca,Logitech G Pro X Superlight 2 Black,1600,4.0%,4.0%,50.1%,50.1%,ASUS TUF VG259QM,1920x1080,Artisan Hayate Otsu XSoft Black,SteelSeries Apex Pro TKL (2023),Logitech G PRO X 2 Headset Black,
,Free Agent,Kyry,Razer DeathAdder V3 HyperSpeed,1600,4.0%,4.0%,55.1%,55.1%,ZOWIE XL2566K,1920x1080,Artisan Key-83 Soft,Wooting 80HE Black,,
,Free Agent,Tilt,Razer Viper V3 Pro Black,,,,,,Acer Predator XB252Q,1920x1080,,Razer Huntsman V3 Pro Mini Black,Razer BlackShark V2 Pro White,
,Free Agent,Asa,Logitech G Pro X Superlight Black,800,6.0%,6.0%,35.0%,35.0%,Alienware AW2724HF,1920x1080,,Wooting 80HE Black,JBL Quantum One,
,Free Agent,Mappi,Logitech G Pro X Superlight 2 Black,1600,3.0%,3.0%,50.0%,50.0%,,1920x1080,Artisan Ninja FX Zero Soft Black,Wooting 80HE Ghost,beyerdynamic DT 990 Pro,
,Free Agent,Setty,Razer Viper Mini Signature Edition,800,7.0%,7.0%,45.0%,45.0%,ZOWIE XL2566K,1920x1080,Artisan FX Hien Soft Black,SteelSeries Apex Pro Mini Gen 3,Sennheiser HD 660S,Herman Miller Embody
,Free Agent,L0WK3Y,Finalmouse Ultralight X Medium,800,5.9%,5.9%,30.0%,30.0%,ZOWIE XL2546K,1920x1080,Artisan FX Hien Soft Black,Razer Huntsman V3 Pro TKL Black,Razer BlackShark V2 Pro Black,
,Free Agent,nickzrr,Razer Viper Mini Signature Edition,1600,7.0%,7.0%,36.0%,36.0%,,1720x1080,Artisan FX Hien Mid Black,Corsair K70 PRO TKL,,
,Free Agent,1LUSHA,Razer Viper V3 Pro Black,1600,7.3%,7.3%,28.9%,28.9%,ASUS ROG SWIFT PG259QN,1920x1080,Artisan Ninja FX Zero Soft Black,Wooting 80HE Black,HyperX Cloud Alpha S,
,Free Agent,27twi,Logitech G Pro X Superlight Black,600,6.0%,6.0%,40.0%,40.0%,Alienware AW2521HF,1920x1080,Argonpads SWIFT,Wooting 80HE Frost,HyperX Cloud II,
,Free Agent,KramSu,Razer Viper V3 Pro Black,1600,33.6%,33.4%,4.6%,4.6%,ASUS TUF VG259QM,1720x1080,,SteelSeries Apex Pro TKL (2023),HyperX Cloud Flight,
,Free Agent,Oatley,Razer Viper V2 Pro Black,800,6.0%,6.0%,60.0%,60.0%,ASUS ROG SWIFT PG258Q,1920x1080,Inked Gaming Custom Mousepad,SteelSeries Apex Pro Mini Gen 3,beyerdynamic DT 990 Pro,
,Free Agent,Ardi,Razer Viper V3 Pro Black,1600,3.3%,3.3%,0.45%,0.45%,ZOWIE XL2566K,1920x1080,Artisan FX Hien XSoft Black,Wooting 80HE Ghost,beyerdynamic DT 990 Pro,
,Free Agent,Ajerss,Logitech G Pro X Superlight Black,800,6.6%,6.6%,30.0%,30.0%,ZOWIE XL2586X,1920x1080,Artisan Ninja FX Zero Soft Black,Wooting 60HE+,HyperX Cloud III,
,Free Agent,Phzin,Razer Viper V3 Pro Black,800,6.5%,6.5%,45.3%,45.3%,Alienware AW2523HF,,Razer Strider,Razer Huntsman V3 Pro Mini Black,Razer BlackShark V2 Pro Black,
,Free Agent,Bugha,Razer Viper V3 Pro Black,800,6.4%,6.4%,45.0%,45.0%,Alienware AW2521H,1920x1080,ZOWIE G-SR-SE Deep Blue,SteelSeries Apex Pro TKL (2023),EPOS PC38X,Logitech G x Herman Miller Embody
,Free Agent,P1NG,Razer DeathAdder V3 Pro Faker Edition,800,5.0%,5.0%,36.9%,36.9%,ZOWIE XL2566X+,1920x1080,Argonpads Topography Speed,Wooting 80HE Black,beyerdynamic MMX 300,
,Free Agent,Noahreyli,Logitech G Pro X Superlight 2 Black,800,4.4%,4.4%,50.0%,50.0%,ZOWIE XL2566K,1720x1080,Artisan Ninja FX Zero Soft Black,SteelSeries Apex Pro Mini Black,Logitech G Pro X Headset,
,Content Creator,Sceptic,Finalmouse Ultralight 2,800,8.5%,8.5%,50.0%,50.0%,Alienware AW2518H,1920x1080,ESPTIGER LongTeng,Razer Huntsman Mini,HyperX Cloud Flight,
,Content Creator,jacobbb,,,,,,,Alienware AW2518H,1920x1080,,,SteelSeries Arctis Pro,
,Content Creator,Milan,Finalmouse Ultralight 2,800,8.8%,8.8%,40.0%,60.0%,Alienware AW2518H,1920x1080,Glorious 3XL,SteelSeries Apex Pro TKL,Corsair Void Pro,
,Content Creator,Pate1k,Logitech G Pro X Superlight Black,800,6.3%,6.3%,40.0%,40.0%,ZOWIE XL2546,1600x900,Artisan Raiden FX Mid,,HyperX Cloud Alpha,
,Content Creator,Marz,Razer DeathAdder Elite,800,8.5%,8.5%,75.0%,75.0%,Alienware AW2518H,1920x1080,,Corsair K95 RGB PLATINUM,,
,Content Creator,Jamside,Logitech G502 Wireless,800,7.3%,7.3%,49.9%,49.9%,GIGABYTE AORUS KD25F,1600x900,HyperX Fury S Pro XL,SteelSeries Apex Pro TKL,HyperX Cloud Flight,
,Content Creator,Animal,FinalMouse Air58 Ninja CBR,400,12.5%,12.5%,50.0%,50.0%,Alienware AW2518H,1920x1080,Glorious 3XL,Razer Huntsman TE,HyperX Cloud II,
,Content Creator,Dakotaz,Logitech G502 HERO,2400,6.7%,6.7%,100.0%,99%,ASUS ROG SWIFT PG258Q,1920x1080,Logitech G640 TSM Edition,Logitech G Pro Keyboard,ASTRO A50,
,Content Creator,Skram,Razer Viper Ultimate,800,5.8%,5.8%,50.0%,50.0%,AlienWare AW2518HF,1920x1080,Glorious 3XL,Razer Huntsman Mini,HyperX Cloud Alpha,
,Content Creator,Sharshock,Logitech G Pro X Superlight Black,800,7.0%,7.0%,60.0%,45.0%,ASUS MG248QR,,,,,
,Content Creator,Jur3ky,Logitech G Pro X Superlight Black,2000,4.0%,4.0%,50.0%,50.0%,ASUS ROG STRIX XG248Q,1920x1080,Artisan FX Hien Mid Black,SteelSeries Apex Pro TKL,beyerdynamic DT 990 Pro,
,Content Creator,Kiryache32,Logitech G Pro X Superlight Black,800,8%,8%,72.0%,72.0%,ZOWIE XL2546,1920x1080,Glorious 3XL,SteelSeries Apex Pro TKL,HyperX Cloud II,
,Content Creator,clarityG,Logitech G Pro X Superlight Black,800,6.3%,6.3%,40.0%,40.0%,Alienware AW2518H,1920x1080,ZOWIE G-SR-SE Deep Blue,SteelSeries Apex Pro TKL,HyperX Cloud II,
,Content Creator,Avxry,FinalMouse Ultralight Phantom,800,7.3%,7.3%,52.3%,84.9%,ASUS VG248QE,1920x1080,,Varmilo VA87M Summit,,
,Content Creator,Tfue,FinalMouse Starlight Pro,400,7.1%,7.1%,50.0%,50.0%,ZOWIE XL2546,1920x1080,Artisan FX Hien Soft Black,Custom Keyboard,Sennheiser HD800 S,Herman Miller Embody
,Content Creator,Kinstaar,Razer Viper V2 Pro Black,400,14.0%,12.0%,30.0%,54.0%,Acer Predator XB241H,1920x1080,SkyPAD 3.0,Logitech G Pro X Keyboard,Razer BlackShark V2 Pro Black,
,Content Creator,Punisher,Logitech G Pro X Superlight Black,800,13.0%,13.0%,35.0%,34%,ZOWIE XL2546,1920x1080,Logitech G640 Original,Logitech G Pro Keyboard,beyerdynamic DT 990 Pro,
,Content Creator,Stretch,FinalMouse Ultralight Phantom,400,12.6%,12.6%,45.0%,45.0%,Alienware AW2518H,1920x1080,ZOWIE G-SR-SE Deep Blue,SteelSeries Apex Pro TKL,SteelSeries Arctis Pro Wireless,
,Content Creator,72hrs,ZOWIE S2 Divina Pink,400,13.0%,13.0%,20.0%,20.0%,Alienware AW2518H,1920x1080,Glorious 3XL,SteelSeries Apex Pro TKL,HyperX Cloud Earbuds,Herman Miller Embody
,Content Creator,itsJerian,Logitech G Pro X Superlight Magenta,800,6.2%,6.2%,35.0%,32.5%,Alienware AW2521H,1920x1080,The Mousepad Company Strata Liquid 03,Wooting 60HE+,HyperX Cloud Alpha,
,Content Creator,McCreamy,Razer DeathAdder Elite,400,13.0%,13.0%,45.0%,45.0%,ZOWIE XL2540,1920x1080,Logitech G640 Original,Corsair STRAFE,Logitech G933,
,Content Creator,KenBeans,Logitech G Pro X Superlight Black,1600,3.5%,3.5%,40%,40%,Alienware AW2521HF,1920x1080,4114 Fragment Aero,Wooting 60HE+,Sennheiser HD 599,
,Content Creator,Megga,SteelSeries Rival 3,1600,2.5%,2.5%,40.0%,43.7%,Alienware AW2518H,1920x1080,HyperX Fury S Speed Edition,SteelSeries Apex Pro TKL,SteelSeries Arctis 1 Wireless,
,Content Creator,MehDitDonc,Razer Viper V2 Pro Black,800,7.5%,7.5%,50.0%,50.0%,AOC C27G2ZE,1920x1080,SkyPAD 3.0,Wooting 60HE+,Logitech G Pro X Headset,
,Content Creator,DrLupo,Logitech G Pro X Superlight Black,800,7.0%,7.0%,50.0%,49%,ASUS ROG SWIFT PG279QM,1920x1080,Logitech G PowerPlay,Logitech G Pro Keyboard,Logitech G Pro X Headset,
,Content Creator,aqua,Logitech G Pro X Superlight Black,800,5.8%,5.8%,26.9%,31.0%,Alienware AW2518H,1920x1080,Argonpads Topography Speed,Wooting 60HE+,HyperX Cloud II,
,Content Creator,FadedPigeon47,Razer Viper V3 Pro Black,1600,3.2%,3.2%,27.1%,27.1%,Alienware AW2523HF,1920x1080,,SteelSeries Apex Pro TKL (2023),Razer BlackShark V2 Pro Black,
,Content Creator,Typical Gamer,Logitech G Pro X Superlight Black,800,7.0%,7.0%,40.0%,40.0%,Alienware AW2518H,1920x1080,Razer Gigantus V2,SteelSeries Apex Pro,beyerdynamic DT 1990 PRO,Herman Miller Aeron
,Content Creator,Kamo,,,,,,,ASUS ROG SWIFT PG258Q,1920x1080,,,SteelSeries Arctis Pro Wireless,Logitech G x Herman Miller Embody
,Content Creator,Aydan,,,,,,,Alienware AW2518H,1920x1080,,,ASTRO A40,Herman Miller Embody
,Content Creator,Reverse2k,FinalMouse Air58 Ninja CBR,800,11.2%,9.5%,23.2%,28.4%,Alienware AW2518H,1920x1080,Logitech G640 Original,SteelSeries Apex Pro TKL,Logitech G Pro X Headset,Logitech G x Herman Miller Embody
,Content Creator,Zayt,ZOWIE FK1+-B Divina Pink,800,3.3%,3.3%,60.0%,60.0%,Alienware AW2521H,1920x1080,ZOWIE G-SR-SE Blue,Ducky One 2 Mini,beyerdynamic DT 990 Pro,Logitech G x Herman Miller Embody
,Content Creator,Kreo,Razer Viper Ultimate,800,7.5%,7.5%,60.4%,74.7%,ASUS ROG SWIFT PG258Q,1920x1080,Inked Gaming Custom Mousepad,Wooting 60HE+,Logitech G Pro X Headset,Logitech G x Herman Miller Embody
,Content Creator,Unknown,Razer Viper V2 Pro Black,400,11.5%,11.5%,50.0%,50.0%,Alienware AW2518H,1920x1080,SteelSeries QcK XXL,,beyerdynamic DT 1990 PRO,noblechairs EPIC
,Content Creator,Ceice,ZOWIE EC1-CW,800,8.0%,8.0%,20.0%,20.0%,ZOWIE XL2566K,1920x1080,Artisan Ninja FX Zero Mid,SteelSeries Apex Pro TKL,Sennheiser GAME ONE,
,Content Creator,DiegoGB,Glorious Model O,800,12.0%,12.0%,50.0%,49%,Alienware AW2518H,1920x1080,Glorious XXL,Wooting 80HE Black,Logitech G Pro X Headset,
,Content Creator,MarkiLokuras,Logitech G Pro X Superlight Black,1150,12%,12%,63.6%,55.8%,ZOWIE XL2546,1920x1080,,Wooting 80HE Black,Logitech G Pro X Wireless Headset,Secretlab Titan EVO 2022
,Content Creator,RazorX,,,,,,,ASUS VG248QE,,,Wooting 60HE+,HyperX Cloud II,
,Content Creator,premfn,Logitech G Pro X Superlight 2 Black,800,5.7%,5.7%,48.7%,48.1%,ASUS TUF VG279QM,1920x1080,Artisan Ninja FX Zero Soft Black,SteelSeries Apex Pro Mini Black,HyperX Cloud III,
,Content Creator,AyarBaffo,,,,,,,Acer Predator X25,1920x1080,,Wooting 80HE Black,,DXRacer Formula
,Content Creator,MOTOR,Razer Viper V3 Pro Black,800,8.0%,8.0%,100.0%,100.0%,ASUS VG248QE,1920x1080,,Wooting 80HE Black,HyperX Cloud II,Secretlab Titan EVO 2022
,Content Creator,Teeqzy,WLMouse BEAST X Mini Black,400,12.0%,12.0%,50.0%,49%,ZOWIE XL2546,1920x1080,SteelSeries QcK Heavy,Wooting 60HE+,HyperX Cloud II,DXRacer Prince
,Content Creator,Zemie,Logitech G Pro X Superlight Black,800,5.5%,5.5%,32.6%,42.6%,Alienware AW2521HF,1920x1080,Glorious 3XL,Kraken Pro 60,HyperX Cloud II,MAVIX M4
,Content Creator,SypherPK,Razer Viper V3 Pro Black,400,16.0%,16.0%,40.0%,40.0%,Alienware AW2518H,1920x1080,ROCCAT Taito Control,Razer Huntsman V3 Pro Mini Black,JBL Quantum One,Logitech G x Herman Miller Embody
,Content Creator,Nick Eh 30,Razer Viper Mini,2000,10.0%,5.0%,30.0%,50.0%,Alienware AW2720HF,1920x1080,Custom Mousepad,Razer Huntsman TE,beyerdynamic DT 990 Pro,Herman Miller Aeron
,Content Creator,Martoz,Logitech G Pro Wireless,800,6.4%,6.4%,45.0%,45.0%,ZOWIE XL2566K,1720x1080,Artisan Ninja FX Zero Soft Black,Razer Huntsman V3 Pro TKL Black,SteelSeries Arctis Pro Wireless,
,Content Creator,Fresh,FinalMouse Air58 Ninja CBR,800,6.0%,6.0%,75.0%,75.0%,Alienware AW2521H,1920x1080,Glorious 3XL,SteelSeries Apex Pro Mini Black,beyerdynamic DT 1990 PRO,Herman Miller Aeron
,Content Creator,POW3R,VAXEE ZYGEN NP-01,400,11.6%,11.6%,70.0%,70.0%,ASUS ROG SWIFT PG258Q,1920x1080,Fnatic DASH,Fnatic miniSTREAK,Sennheiser HD800 S,
,Content Creator,Jacob,SteelSeries Aerox 5 Wireless,800,8.7%,8.7%,52.5%,52.5%,ASUS ROG SWIFT PG259QN,1920x1080,SteelSeries QcK+,SteelSeries Apex Pro TKL Wireless (2023),SteelSeries Arctis Nova Pro Wireless,
,Content Creator,Raider464,Finalmouse Ultralight 2,400,16.0%,16.0%,50.0%,50.0%,GIGABYTE AORUS KD25F,1920x1080,Logitech G840,SteelSeries Apex Pro TKL,,
,Content Creator,Mongraal,Logitech G402,800,6.7%,6.7%,50.0%,50.0%,ASUS PG248QP,1920x1080,Glorious 3XL,SteelSeries Apex Pro TKL,beyerdynamic DT 1990 PRO,Herman Miller Aeron
,Content Creator,Sommerset,Logitech G Pro X Superlight 2 Black,800,6.4%,6.4%,45.9%,50.1%,AlienWare AW2518HF,1920x1080,4114 Fragment Aero,Razer Huntsman V3 Pro Mini Black,HyperX Cloud Alpha,MAVIX M9
,Content Creator,Jarvis,,,,,,,Alienware AW2518H,1920x1080,,,SteelSeries Arctis 5,
,Content Creator,Myth,Logitech G703,700,3.1%,3.1%,28.5%,23.9%,ASUS ROG SWIFT PG258Q,1920x1080,Logitech G840,Logitech G Pro X Keyboard,beyerdynamic DT 990 Pro,
,Content Creator,HaloBT,Logitech G502 HERO,200,17.0%,17.0%,40.0%,40.0%,ViewSonic XG2560,1920x1080,,Razer Huntsman V2,beyerdynamic DT 990 Pro,
,Content Creator,Wraxx,Logitech G Pro Wireless,800,8.0%,8.0%,25.0%,25.0%,Samsung C24RG54FQU,1920x1080,Custom Mousepad,Wooting 80HE Ghost,beyerdynamic DT 990 Pro,
,Content Creator,MrSavage,Logitech G Pro X Superlight 2 Black,800,9.1%,9.1%,49.0%,49.0%,ASUS PG248QP,1920x1080,GameSense Radar Benjyfishy,SteelSeries Apex Pro Mini Black,beyerdynamic MMX 300,Secretlab Titan
,Content Creator,Ninja,Logitech G Pro Wireless,800,5.5%,5.5%,28.5%,28.5%,Alienware AW2518H,2560x1440,HyperX Fury S Pro,SteelSeries Apex Pro TKL,beyerdynamic DT 1990 PRO,
,Retired,Riversan,Logitech G Pro Wireless,800,6.5%,6.5%,50.0%,50.0%,Alienware AW2518H,1920x1080,Inked Gaming Custom Mousepad,SteelSeries Apex Pro TKL,Logitech G Pro X Headset,Secretlab Titan EVO 2022
,Retired,Dubs,FinalMouse Air58 Ninja CBB,800,6.0%,6.0%,100.0%,100.0%,Alienware AW2518H,1920x1080,Glorious 3XL,SteelSeries Apex Pro TKL,Victrix Pro AF,
,Retired,nyhrox,Razer Viper V3 Pro Black,800,6.0%,6.0%,37.5%,37.5%,Alienware AW2518H,1811x1080,Razer Gigantus V2 XXL,Razer Huntsman V3 Pro,Razer BlackShark V2 Pro Black,Secretlab Titan EVO 2022
